{
  "$schema": "https://developer.microsoft.com/json-schemas/fabric/item/report/definition/report/3.0.0/schema.json",
  "themeCollection": {
    "baseTheme": {
      "name": "CY25SU10",
      "reportVersionAtImport": {
        "visual": "2.1.0",
        "report": "3.0.0",
        "page": "2.3.0"
      },
      "type": "SharedResources"
    },
    "customTheme": {
      "name": "Tema_valido_para_matriz36630653717358086.json",
      "reportVersionAtImport": {
        "visual": "2.1.0",
        "report": "3.0.0",
        "page": "2.3.0"
      },
      "type": "RegisteredResources"
    }
  },
  "objects": {
    "section": [
      {
        "properties": {
          "verticalAlignment": {
            "expr": {
              "Literal": {
                "Value": "'Top'"
              }
            }
          }
        }
      }
    ],
    "outspacePane": [
      {
        "properties": {
          "expanded": {
            "expr": {
              "Literal": {
                "Value": "false"
              }
            }
          }
        }
      }
    ]
  },
  "resourcePackages": [
    {
      "name": "SharedResources",
      "type": "SharedResources",
      "items": [
        {
          "name": "CY25SU10",
          "path": "BaseThemes/CY25SU10.json",
          "type": "BaseTheme"
        }
      ]
    },
    {
      "name": "STANDALONEdeneb7E15AEF80B9E4D4F8E12924291ECE89A",
      "type": "CustomVisual",
      "items": [
        {
          "name": "STANDALONEdeneb7E15AEF80B9E4D4F8E12924291ECE89A.pbiviz.json",
          "path": "STANDALONEdeneb7E15AEF80B9E4D4F8E12924291ECE89A.pbiviz.json",
          "type": "CustomVisualMetadata"
        }
      ]
    },
    {
      "name": "RegisteredResources",
      "type": "RegisteredResources",
      "items": [
        {
          "name": "Tema_valido_para_matriz36630653717358086.json",
          "path": "Tema_valido_para_matriz36630653717358086.json",
          "type": "CustomTheme"
        }
      ]
    }
  ],
  "settings": {
    "useStylableVisualContainerHeader": true,
    "exportDataMode": "AllowSummarized",
    "defaultDrillFilterOtherVisuals": true,
    "allowChangeFilterTypes": true,
    "useEnhancedTooltips": true,
    "useDefaultAggregateDisplayName": true
  }
}