{
  "$schema": "https://developer.microsoft.com/json-schemas/fabric/item/report/definition/visualContainer/2.3.0/schema.json",
  "name": "d5fcd51b87d24408325d",
  "position": {
    "x": 21.111111111111111,
    "y": 0,
    "z": 1,
    "height": 133.33333333333334,
    "width": 1258.8888888888889,
    "tabOrder": 1
  },
  "visual": {
    "visualType": "slicer",
    "query": {
      "queryState": {
        "Values": {
          "projections": [
            {
              "field": {
                "Column": {
                  "Expression": {
                    "SourceRef": {
                      "Entity": "t_fechas"
                    }
                  },
                  "Property": "Mes"
                }
              },
              "queryRef": "t_fechas.Mes",
              "nativeQueryRef": "Mes",
              "active": true
            }
          ]
        }
      }
    },
    "objects": {
      "data": [
        {
          "properties": {
            "mode": {
              "expr": {
                "Literal": {
                  "Value": "'Between'"
                }
              }
            }
          }
        }
      ],
      "general": [
        {
          "properties": {}
        }
      ]
    },
    "drillFilterOtherVisuals": true
  }
}