{
  "$schema": "https://developer.microsoft.com/json-schemas/fabric/item/report/definition/visualContainer/2.3.0/schema.json",
  "name": "dec54030078ca5a00d45",
  "position": {
    "x": 0,
    "y": 176.66666666666666,
    "z": 3,
    "height": 367.77777777777777,
    "width": 1280,
    "tabOrder": 3
  },
  "visual": {
    "visualType": "STANDALONEdeneb7E15AEF80B9E4D4F8E12924291ECE89A",
    "query": {
      "queryState": {
        "dataset": {
          "projections": [
            {
              "field": {
                "Column": {
                  "Expression": {
                    "SourceRef": {
                      "Entity": "t_usuarios"
                    }
                  },
                  "Property": "no_usuario"
                }
              },
              "queryRef": "t_usuarios.no_usuario",
              "nativeQueryRef": "no_usuario",
              "displayName": "Nombre usuario"
            },
            {
              "field": {
                "Measure": {
                  "Expression": {
                    "SourceRef": {
                      "Entity": "Medidas"
                    }
                  },
                  "Property": "Recuento de operaciones"
                }
              },
              "queryRef": "Medidas.Recuento de operaciones",
              "nativeQueryRef": "Recuento de operaciones"
            }
          ]
        }
      },
      "sortDefinition": {
        "sort": [
          {
            "field": {
              "Column": {
                "Expression": {
                  "SourceRef": {
                    "Entity": "t_usuarios"
                  }
                },
                "Property": "no_usuario"
              }
            },
            "direction": "Ascending"
          }
        ],
        "isDefaultSort": true
      }
    },
    "objects": {
      "stateManagement": [
        {
          "properties": {
            "viewportHeight": {
              "expr": {
                "Literal": {
                  "Value": "357.77777777777777D"
                }
              }
            },
            "viewportWidth": {
              "expr": {
                "Literal": {
                  "Value": "1270D"
                }
              }
            }
          }
        }
      ],
      "vega": [
        {
          "properties": {
            "provider": {
              "expr": {
                "Literal": {
                  "Value": "'vegaLite'"
                }
              }
            },
            "jsonSpec": {
              "expr": {
                "Literal": {
                  "Value": "'{\n  \"data\": {\n    \"name\": \"dataset\"\n  },\n  \"layer\": [\n    {\n      \"mark\": {\n        \"type\": \"bar\",\n        \"opacity\": 0.3,\n        \"tooltip\": true\n      },\n      \"encoding\": {\n        \"x\": {\n          \"field\": \"Recuento de operaciones\"\n        }\n      }\n    },\n    {\n      \"mark\": {\n        \"type\": \"bar\",\n        \"tooltip\": true\n      },\n      \"encoding\": {\n        \"x\": {\n          \"field\": \"Recuento de operaciones__highlight\"\n        },\n        \"opacity\": {\n          \"condition\": {\n            \"test\": {\n              \"field\": \"__selected__\",\n              \"equal\": \"off\"\n            },\n            \"value\": 0\n          },\n          \"value\": 1\n        }\n      }\n    }\n  ],\n  \"encoding\": {\n    \"y\": {\n      \"field\": \"Nombre usuario\",\n      \"type\": \"nominal\"\n    },\n    \"x\": {\n      \"type\": \"quantitative\",\n      \"axis\": {\n        \"title\": \"Recuento de operaciones\"\n      }\n    }\n  }\n}'"
                }
              }
            },
            "jsonConfig": {
              "expr": {
                "Literal": {
                  "Value": "'{}'"
                }
              }
            },
            "isNewDialogOpen": {
              "expr": {
                "Literal": {
                  "Value": "false"
                }
              }
            },
            "enableTooltips": {
              "expr": {
                "Literal": {
                  "Value": "true"
                }
              }
            },
            "enableContextMenu": {
              "expr": {
                "Literal": {
                  "Value": "true"
                }
              }
            },
            "enableHighlight": {
              "expr": {
                "Literal": {
                  "Value": "true"
                }
              }
            },
            "enableSelection": {
              "expr": {
                "Literal": {
                  "Value": "true"
                }
              }
            },
            "selectionMaxDataPoints": {
              "expr": {
                "Literal": {
                  "Value": "50D"
                }
              }
            },
            "version": {
              "expr": {
                "Literal": {
                  "Value": "'6.4.1'"
                }
              }
            }
          }
        }
      ],
      "developer": [
        {
          "properties": {
            "version": {
              "expr": {
                "Literal": {
                  "Value": "'1.8.2.20251007#0000000'"
                }
              }
            }
          }
        }
      ]
    },
    "drillFilterOtherVisuals": true
  },
  "filterConfig": {
    "filters": [
      {
        "name": "801d53e284c49ea00dc4",
        "field": {
          "Measure": {
            "Expression": {
              "SourceRef": {
                "Entity": "Medidas"
              }
            },
            "Property": "Recuento de operaciones"
          }
        },
        "type": "Advanced"
      },
      {
        "name": "980729707eae0e840b21",
        "field": {
          "Column": {
            "Expression": {
              "SourceRef": {
                "Entity": "t_usuarios"
              }
            },
            "Property": "no_usuario"
          }
        },
        "type": "Categorical"
      }
    ]
  }
}