{
  "version": "1.1.0",
  "diagrams": [
    {
      "ordinal": 0,
      "scrollPosition": {
        "x": 2066.3171196219246,
        "y": 0
      },
      "nodes": [
        {
          "location": {
            "x": 922.31711914508719,
            "y": 263.54960894877013
          },
          "nodeIndex": "t_fechas",
          "nodeLineageTag": "527ce180-c998-4f7f-8d6e-588677b1e222",
          "size": {
            "height": 200,
            "width": 234
          },
          "zIndex": 1
        },
        {
          "location": {
            "x": 1129.117122196845,
            "y": 511.50894483887419
          },
          "nodeIndex": "t_reloj",
          "nodeLineageTag": "790fb12d-8485-4dfc-a434-63310643d215",
          "size": {
            "height": 200,
            "width": 234
          },
          "zIndex": 2
        },
        {
          "location": {
            "x": -101.39999914169312,
            "y": -63
          },
          "nodeIndex": "t_ccaa",
          "nodeLineageTag": "33b55b00-90b4-43d4-bf2a-fc309aeecb7b",
          "size": {
            "height": 128,
            "width": 234
          },
          "zIndex": 3
        },
        {
          "location": {
            "x": 600,
            "y": 43.262329671854445
          },
          "nodeIndex": "t_ccpp",
          "nodeLineageTag": "34e6e54c-0870-4dd5-ad53-9ae96196707a",
          "size": {
            "height": 152,
            "width": 234
          },
          "zIndex": 4
        },
        {
          "location": {
            "x": 127.19006748149923,
            "y": 213
          },
          "nodeIndex": "t_municipios",
          "nodeLineageTag": "951dbf72-b968-4972-82b3-c9918c779146",
          "size": {
            "height": 300,
            "width": 234
          },
          "zIndex": 5
        },
        {
          "location": {
            "x": 289.20703345047707,
            "y": 0
          },
          "nodeIndex": "t_provincias",
          "nodeLineageTag": "f74ef15b-c203-433b-a5b7-2b99b0b4f69d",
          "size": {
            "height": 152,
            "width": 234
          },
          "zIndex": 6
        },
        {
          "location": {
            "x": 1190.4281252209819,
            "y": 0
          },
          "nodeIndex": "cp_clientes",
          "nodeLineageTag": "aa3e4196-9261-470e-8ad3-227246444bd9",
          "size": {
            "height": 128,
            "width": 234
          },
          "zIndex": 9
        },
        {
          "location": {
            "x": 1269.5066645310069,
            "y": 217.2491004400174
          },
          "nodeIndex": "t_operaciones",
          "nodeLineageTag": "e514b5a1-2971-4ef0-a6f1-8da6754c50ba",
          "size": {
            "height": 200,
            "width": 229
          },
          "zIndex": 10
        },
        {
          "location": {
            "x": 1595.117122196845,
            "y": 112.81193862062457
          },
          "nodeIndex": "t_tipo_operaciones",
          "nodeLineageTag": "d76d0c72-f49c-4a39-9f0a-80a9c758a63b",
          "size": {
            "height": 104,
            "width": 234
          },
          "zIndex": 7,
          "expandedHeight": 232
        },
        {
          "location": {
            "x": 1513.2536890085603,
            "y": 428.0214922541075
          },
          "nodeIndex": "t_usuarios",
          "nodeLineageTag": "4c7d96f3-7b3e-443b-81ca-6c03d6cde0ea",
          "size": {
            "height": 128,
            "width": 234
          },
          "zIndex": 8
        },
        {
          "location": {
            "x": 1980.5171213385381,
            "y": 275.25447241943709
          },
          "nodeIndex": "Parámetro_numerico",
          "nodeLineageTag": "e2a2f4f1-f932-4136-bb05-12167ed99487",
          "size": {
            "height": 224,
            "width": 234
          },
          "zIndex": 0
        },
        {
          "location": {
            "x": 2365.9171204802315,
            "y": 311.25447241943709
          },
          "nodeIndex": "Parámetro_dimensiones",
          "nodeLineageTag": "51acb616-a405-44ee-9289-0681fdc797ed",
          "size": {
            "height": 152,
            "width": 234
          },
          "zIndex": 0
        },
        {
          "location": {
            "x": 2751.3171196219246,
            "y": 335.25447241943709
          },
          "nodeIndex": "Medidas",
          "nodeLineageTag": "6e6c5411-ea9c-41e2-af39-ef6526fd63f1",
          "size": {
            "height": 104,
            "width": 234
          },
          "zIndex": 0
        }
      ],
      "name": "Todas las tablas",
      "zoomValue": 100,
      "pinKeyFieldsToTop": false,
      "showExtraHeaderInfo": false,
      "hideKeyFieldsWhenCollapsed": false,
      "tablesLocked": false
    }
  ],
  "selectedDiagram": "Todas las tablas",
  "defaultDiagram": "Todas las tablas"
}