{
  "$schema": "https://developer.microsoft.com/json-schemas/fabric/item/report/definition/visualContainer/2.3.0/schema.json",
  "name": "ea2ac3401070a8d0207a",
  "position": {
    "x": 16.666666666666668,
    "y": 0,
    "z": 1,
    "height": 180,
    "width": 1263.3333333333333,
    "tabOrder": 1
  },
  "visual": {
    "visualType": "slicer",
    "query": {
      "queryState": {
        "Values": {
          "projections": [
            {
              "field": {
                "Column": {
                  "Expression": {
                    "SourceRef": {
                      "Entity": "Parámetro_dimensiones"
                    }
                  },
                  "Property": "Parámetro_dimensiones"
                }
              },
              "queryRef": "Parámetro_dimensiones.Parámetro_dimensiones",
              "nativeQueryRef": "Parámetro_dimensiones",
              "active": true
            }
          ]
        }
      }
    },
    "objects": {
      "data": [
        {
          "properties": {
            "mode": {
              "expr": {
                "Literal": {
                  "Value": "'Basic'"
                }
              }
            }
          }
        }
      ],
      "general": [
        {
          "properties": {
            "orientation": {
              "expr": {
                "Literal": {
                  "Value": "1D"
                }
              }
            },
            "filter": {
              "filter": {
                "Version": 2,
                "From": [
                  {
                    "Name": "p",
                    "Entity": "Parámetro_dimensiones",
                    "Type": 0
                  }
                ],
                "Where": [
                  {
                    "Condition": {
                      "In": {
                        "Expressions": [
                          {
                            "Column": {
                              "Expression": {
                                "SourceRef": {
                                  "Source": "p"
                                }
                              },
                              "Property": "Parámetro_dimensiones Campos"
                            }
                          }
                        ],
                        "Values": [
                          [
                            {
                              "Literal": {
                                "Value": "'''t_tipo_operaciones''[no_tipo_operacion]'"
                              }
                            }
                          ]
                        ]
                      }
                    },
                    "Annotations": {
                      "filterExpressionMetadata": {
                        "expressions": [
                          {
                            "Column": {
                              "Expression": {
                                "SourceRef": {
                                  "Entity": "Parámetro_dimensiones"
                                }
                              },
                              "Property": "Parámetro_dimensiones"
                            }
                          }
                        ],
                        "decomposedIdentities": {
                          "values": [
                            [
                              {
                                "0": [
                                  {
                                    "Literal": {
                                      "Value": "'''t_tipo_operaciones''[no_tipo_operacion]'"
                                    }
                                  }
                                ]
                              }
                            ]
                          ],
                          "columns": [
                            {
                              "value": {
                                "Column": {
                                  "Expression": {
                                    "SourceRef": {
                                      "Entity": "Parámetro_dimensiones"
                                    }
                                  },
                                  "Property": "Parámetro_dimensiones Campos"
                                }
                              }
                            }
                          ]
                        },
                        "valueMap": [
                          {
                            "0": "Tipo de operación"
                          }
                        ]
                      }
                    }
                  }
                ]
              }
            }
          }
        }
      ]
    },
    "drillFilterOtherVisuals": true
  },
  "filterConfig": {
    "filters": [
      {
        "name": "2cadb620d0cbc70497ce",
        "field": {
          "Column": {
            "Expression": {
              "SourceRef": {
                "Entity": "Parámetro_dimensiones"
              }
            },
            "Property": "Parámetro_dimensiones"
          }
        },
        "type": "Categorical",
        "objects": {
          "general": [
            {
              "properties": {
                "isInvertedSelectionMode": {
                  "expr": {
                    "Literal": {
                      "Value": "true"
                    }
                  }
                }
              }
            }
          ]
        }
      }
    ]
  }
}